disease_code,disease_name,hospitals_affected,total_cases,avg_cases_per_hospital,max_cases_single_hospital
J44.9,J44.9,20,79,3.95,15
J18.9,J18.9,11,57,5.181818181818182,12
J44.1,J44.1,10,48,4.8,15
A41.9,A41.9,7,37,5.285714285714286,15
J96.01,J96.01,6,31,5.166666666666667,15
B35.1,B35.1,5,13,2.6,6
J06.9,J06.9,8,21,2.625,4
J45.909,J45.909,6,17,2.8333333333333335,6
B33.8,B33.8,4,7,1.75,3
J02.9,J02.9,6,27,4.5,6
